step	loss
6445	0.16787458956241608
6467	0.168040931224823
6489	0.16947515308856964
6511	0.17309407889842987
6533	0.1806039959192276
6555	0.16815035045146942
