step	loss
6449	0.051521942019462585
6499	0.18655265867710114
6549	0.39221689105033875
